id,filename,source_url,ref_url,license_url,buy,donate
free-mono,FreeMono.otf,http://ftp.gnu.org/gnu/freefont/freefont-otf-20120503.tar.gz,,,,,
free-mono-bold,FreeMonoBold.otf,http://ftp.gnu.org/gnu/freefont/freefont-otf-20120503.tar.gz,,,,,
free-mono-bold-italic,FreeMonoBoldOblique.otf,http://ftp.gnu.org/gnu/freefont/freefont-otf-20120503.tar.gz,,,,,
free-mono-italic,FreeMonoOblique.otf,http://ftp.gnu.org/gnu/freefont/freefont-otf-20120503.tar.gz,,,,,
free-sans,FreeSans.otf,http://ftp.gnu.org/gnu/freefont/freefont-otf-20120503.tar.gz,,,,,
free-sans-bold,FreeSansBold.otf,http://ftp.gnu.org/gnu/freefont/freefont-otf-20120503.tar.gz,,,,,
free-sans-bold-italic,FreeSansBoldOblique.otf,http://ftp.gnu.org/gnu/freefont/freefont-otf-20120503.tar.gz,,,,,
free-sans-italic,FreeSansOblique.otf,http://ftp.gnu.org/gnu/freefont/freefont-otf-20120503.tar.gz,,,,,
free-serif,FreeSerif.otf,http://ftp.gnu.org/gnu/freefont/freefont-otf-20120503.tar.gz,,,,,
free-serif-bold,FreeSerifBold.otf,http://ftp.gnu.org/gnu/freefont/freefont-otf-20120503.tar.gz,,,,,
free-serif-bold-italic,FreeSerifBoldOblique.otf,http://ftp.gnu.org/gnu/freefont/freefont-otf-20120503.tar.gz,,,,,
free-serif-italic,FreeSerifOblique.otf,http://ftp.gnu.org/gnu/freefont/freefont-otf-20120503.tar.gz,,,,,
odibee-sans,OdibeeSans-Regular.otf,"https://www.1001fonts.com/download/odibee-sans.zip",http://odibeesans.com/,,,
moonbright,"Moonbright Demo.ttf","https://dl.dafont.com/dl/?f=moonbright","https://brittneymurphydesign.com","https://brittneymurphydesign.com/fonts/licensing-information/","https://www.brittneymurphydesign.com/downloads/moonbright/","https://www.paypal.com/webapps/shoppingcart?flowlogging_id=f2450209a9ac1&mfid=1757304019992_f2450209a9ac1#/checkout/openButton"
bpimperial-bold,BPimperial.otf,"https://www.1001fonts.com/download/bpimperial.zip",,"https://www.1001fonts.com/bpimperial-font.html#license",,
bpimperial-bold-italic,BPimperialItalic.otf,"https://www.1001fonts.com/download/bpimperial.zip",,"https://www.1001fonts.com/bpimperial-font.html#license",,
bpimperial-light,BPimperialLight.otf,"https://www.1001fonts.com/download/bpimperial.zip",,"https://www.1001fonts.com/bpimperial-font.html#license",,
bpimperial-light-italic,BPimperialLightItalic.otf,"https://www.1001fonts.com/download/bpimperial.zip",,"https://www.1001fonts.com/bpimperial-font.html#license",,
bpimperial-bold,BPimperial.otf,"https://www.cdnfonts.com/download/font/9bcf67ecf1114a07c591793cf9618f7c",,"https://www.1001fonts.com/bpimperial-font.html#license",,
bpimperial-bold-italic,BPimperialItalic.otf,"https://www.cdnfonts.com/download/font/9bcf67ecf1114a07c591793cf9618f7c",,"https://www.1001fonts.com/bpimperial-font.html#license",,
bpimperial-light,BPimperialLight.otf,"https://www.cdnfonts.com/download/font/9bcf67ecf1114a07c591793cf9618f7c",,"https://www.1001fonts.com/bpimperial-font.html#license",,
bpimperial-light-italic,BPimperialLightItalic.otf,"https://www.cdnfonts.com/download/font/9bcf67ecf1114a07c591793cf9618f7c",,"https://www.1001fonts.com/bpimperial-font.html#license",,
rustycage,"RUSTY CAGE PERSONAM USE.ttf","https://www.1001fonts.com/download/rusty-cage-personal-use.zip",,,,,
rustycage,RustyCagePersonalUseRegular-mL3x2.ttf,"https://www.cdnfonts.com/download/font/3486dad1db3b894b81d6555af9c2e1ed",,,,,
